{"loss": 182.01925921440125, "accuracy": 0.1}
{"loss": 181.59554815292358, "accuracy": 0.1124}
{"loss": 180.905091047287, "accuracy": 0.159}
{"loss": 179.45437955856323, "accuracy": 0.1721}
{"loss": 176.28772926330566, "accuracy": 0.1945}
{"loss": 171.45785307884216, "accuracy": 0.2361}
{"loss": 165.53992772102356, "accuracy": 0.2404}
{"loss": 159.31148195266724, "accuracy": 0.277}
{"loss": 154.83223569393158, "accuracy": 0.2847}
{"loss": 152.21240139007568, "accuracy": 0.2948}
{"loss": 148.9910490512848, "accuracy": 0.3154}
{"loss": 147.14275693893433, "accuracy": 0.322}
{"loss": 144.37012350559235, "accuracy": 0.3301}
{"loss": 142.50265324115753, "accuracy": 0.3383}
{"loss": 140.1233651638031, "accuracy": 0.354}
{"loss": 138.29665303230286, "accuracy": 0.3528}
{"loss": 135.44423735141754, "accuracy": 0.3743}
{"loss": 133.62737810611725, "accuracy": 0.3751}
{"loss": 131.6239948272705, "accuracy": 0.3864}
{"loss": 130.4173743724823, "accuracy": 0.3942}
{"loss": 129.2812477350235, "accuracy": 0.4033}
{"loss": 128.6665277481079, "accuracy": 0.4053}
{"loss": 127.43078052997589, "accuracy": 0.4143}
{"loss": 125.60419774055481, "accuracy": 0.4141}
{"loss": 123.32325339317322, "accuracy": 0.4315}
{"loss": 122.06164050102234, "accuracy": 0.4405}
{"loss": 121.40932369232178, "accuracy": 0.4397}
{"loss": 121.49064314365387, "accuracy": 0.443}
{"loss": 120.4358401298523, "accuracy": 0.4416}
{"loss": 118.3273915052414, "accuracy": 0.4619}
{"loss": 122.54595685005188, "accuracy": 0.4375}
{"loss": 119.66504406929016, "accuracy": 0.4514}
