{"loss": 364.0377411842346, "accuracy": 0.0099}
{"loss": 363.9704999923706, "accuracy": 0.0106}
{"loss": 363.90592336654663, "accuracy": 0.011}
{"loss": 363.843505859375, "accuracy": 0.0106}
{"loss": 363.7677540779114, "accuracy": 0.0103}
{"loss": 363.6795883178711, "accuracy": 0.0099}
{"loss": 363.5896282196045, "accuracy": 0.0103}
{"loss": 363.4575414657593, "accuracy": 0.0108}
{"loss": 363.2887496948242, "accuracy": 0.0107}
{"loss": 363.0623207092285, "accuracy": 0.0115}
{"loss": 362.7579655647278, "accuracy": 0.0137}
{"loss": 362.3598895072937, "accuracy": 0.017}
{"loss": 361.90361976623535, "accuracy": 0.0188}
{"loss": 361.3462657928467, "accuracy": 0.0198}
{"loss": 360.5610179901123, "accuracy": 0.0172}
{"loss": 359.69472789764404, "accuracy": 0.0204}
{"loss": 358.81018590927124, "accuracy": 0.0201}
{"loss": 357.6251759529114, "accuracy": 0.0264}
{"loss": 356.30947065353394, "accuracy": 0.0247}
{"loss": 354.9373106956482, "accuracy": 0.0333}
