{"loss": 182.19906067848206, "accuracy": 0.0891}
{"loss": 181.46881341934204, "accuracy": 0.1176}
{"loss": 180.52093958854675, "accuracy": 0.1587}
{"loss": 178.3458228111267, "accuracy": 0.3355}
{"loss": 171.46997690200806, "accuracy": 0.4135}
{"loss": 135.95289313793182, "accuracy": 0.5867}
{"loss": 56.02293857932091, "accuracy": 0.7889}
{"loss": 44.906938433647156, "accuracy": 0.8423}
{"loss": 31.818908870220184, "accuracy": 0.8816}
{"loss": 29.565768487751484, "accuracy": 0.8936}
{"loss": 23.507714353501797, "accuracy": 0.9152}
{"loss": 21.57237822562456, "accuracy": 0.9183}
{"loss": 19.02691911533475, "accuracy": 0.9266}
{"loss": 17.7814307436347, "accuracy": 0.9311}
{"loss": 16.052888269536197, "accuracy": 0.9405}
{"loss": 14.77617409080267, "accuracy": 0.9431}
{"loss": 13.1971030915156, "accuracy": 0.9475}
{"loss": 13.094982355833054, "accuracy": 0.9498}
{"loss": 12.027930012438446, "accuracy": 0.9527}
{"loss": 11.115428460994735, "accuracy": 0.9553}
{"loss": 11.04063899233006, "accuracy": 0.9572}
{"loss": 10.612885002512485, "accuracy": 0.9577}
{"loss": 9.764081639121287, "accuracy": 0.9612}
{"loss": 9.491669489769265, "accuracy": 0.9614}
{"loss": 8.86675885214936, "accuracy": 0.9654}
{"loss": 8.777529005892575, "accuracy": 0.9641}
{"loss": 8.590309433522634, "accuracy": 0.9666}
{"loss": 8.494105076184496, "accuracy": 0.9657}
{"loss": 7.866689902613871, "accuracy": 0.9698}
{"loss": 7.781046356307343, "accuracy": 0.9696}
{"loss": 7.970158857759088, "accuracy": 0.9663}
{"loss": 7.416094195097685, "accuracy": 0.971}
{"loss": 7.093015711288899, "accuracy": 0.9717}
{"loss": 6.9563408109825104, "accuracy": 0.9734}
{"loss": 6.969856649520807, "accuracy": 0.972}
{"loss": 6.801716145710088, "accuracy": 0.9729}
{"loss": 6.399253507843241, "accuracy": 0.9748}
{"loss": 6.943618467077613, "accuracy": 0.9718}
{"loss": 6.3188811740255915, "accuracy": 0.9757}
{"loss": 6.169083493412472, "accuracy": 0.975}
{"loss": 6.075850839843042, "accuracy": 0.9763}
{"loss": 5.944675718492363, "accuracy": 0.977}
{"loss": 5.837917108787224, "accuracy": 0.9767}
{"loss": 6.055633224546909, "accuracy": 0.9754}
{"loss": 5.665676209842786, "accuracy": 0.977}
{"loss": 5.563689522794448, "accuracy": 0.9778}
{"loss": 5.291305396298412, "accuracy": 0.9796}
{"loss": 5.345350902003702, "accuracy": 0.9781}
{"loss": 5.178571383701637, "accuracy": 0.9789}
{"loss": 5.230808251013514, "accuracy": 0.9786}
{"loss": 5.194992442848161, "accuracy": 0.978}
{"loss": 5.26034636242548, "accuracy": 0.9788}
{"loss": 5.071849671250675, "accuracy": 0.9799}
{"loss": 4.93736182549037, "accuracy": 0.9802}
{"loss": 4.869156669417862, "accuracy": 0.9807}
{"loss": 5.128086835960858, "accuracy": 0.979}
{"loss": 5.021950876398478, "accuracy": 0.9798}
{"loss": 4.84711179533042, "accuracy": 0.9799}
{"loss": 4.725692034291569, "accuracy": 0.98}
{"loss": 4.784606949076988, "accuracy": 0.9795}
{"loss": 4.772521966078784, "accuracy": 0.9812}
{"loss": 4.600846537447069, "accuracy": 0.9814}
{"loss": 4.814598643279169, "accuracy": 0.9809}
{"loss": 4.386575990909478, "accuracy": 0.9813}
{"loss": 4.521626815199852, "accuracy": 0.9818}
{"loss": 4.374640322406776, "accuracy": 0.9823}
{"loss": 4.291408440622035, "accuracy": 0.9817}
{"loss": 4.267511933692731, "accuracy": 0.9834}
{"loss": 4.4350482363661285, "accuracy": 0.9813}
{"loss": 4.385443070321344, "accuracy": 0.9818}
{"loss": 4.347431375703309, "accuracy": 0.9826}
{"loss": 4.2165161365119275, "accuracy": 0.9824}
{"loss": 4.148287426651223, "accuracy": 0.9832}
{"loss": 4.29756048557465, "accuracy": 0.9834}
{"loss": 4.329572097311029, "accuracy": 0.9813}
{"loss": 4.288688840999384, "accuracy": 0.9829}
{"loss": 4.150262290786486, "accuracy": 0.9829}
{"loss": 4.009849254478468, "accuracy": 0.9834}
{"loss": 4.005529997724807, "accuracy": 0.983}
{"loss": 4.047096011054236, "accuracy": 0.9829}
{"loss": 3.9439942443568725, "accuracy": 0.9833}
{"loss": 3.8180889038485475, "accuracy": 0.9846}
{"loss": 3.7997865919896867, "accuracy": 0.9841}
{"loss": 3.6824021245120093, "accuracy": 0.9853}
{"loss": 3.7472529284714255, "accuracy": 0.9848}
{"loss": 3.7118038479529787, "accuracy": 0.985}
{"loss": 3.7076231345999986, "accuracy": 0.9845}
{"loss": 3.683947648794856, "accuracy": 0.9857}
{"loss": 3.737598863459425, "accuracy": 0.9848}
{"loss": 3.941955265821889, "accuracy": 0.9836}
{"loss": 3.758583360526245, "accuracy": 0.9852}
{"loss": 3.7183962610724848, "accuracy": 0.9852}
{"loss": 3.714301210071426, "accuracy": 0.9853}
{"loss": 3.8415660980681423, "accuracy": 0.9855}
{"loss": 3.794880685294629, "accuracy": 0.9848}
{"loss": 3.712045091931941, "accuracy": 0.985}
{"loss": 3.460648995853262, "accuracy": 0.9867}
{"loss": 3.5543226084992057, "accuracy": 0.9854}
{"loss": 3.638732484119828, "accuracy": 0.9858}
{"loss": 3.6284455073764548, "accuracy": 0.9855}
{"loss": 3.5400042619439773, "accuracy": 0.986}
{"loss": 3.527370582567528, "accuracy": 0.9866}
{"loss": 3.4791135575360386, "accuracy": 0.9857}
{"loss": 3.6142417592927814, "accuracy": 0.9864}
{"loss": 3.710320028825663, "accuracy": 0.9856}
{"loss": 3.509117650653934, "accuracy": 0.986}
{"loss": 3.4131974717602134, "accuracy": 0.9857}
{"loss": 3.445332869043341, "accuracy": 0.9864}
{"loss": 3.482443120374228, "accuracy": 0.9864}
{"loss": 3.3547122813324677, "accuracy": 0.9863}
{"loss": 3.433101737027755, "accuracy": 0.9861}
{"loss": 3.3841975014511263, "accuracy": 0.9858}
{"loss": 3.358277441802784, "accuracy": 0.9863}
{"loss": 3.286619977094233, "accuracy": 0.9868}
{"loss": 3.2758358087885426, "accuracy": 0.9865}
{"loss": 3.416868900269037, "accuracy": 0.9862}
{"loss": 3.5864112870622193, "accuracy": 0.9865}
{"loss": 3.3415567677584477, "accuracy": 0.9864}
{"loss": 3.687553565890994, "accuracy": 0.9856}
{"loss": 3.4235040196217597, "accuracy": 0.9857}
{"loss": 3.4122464421088807, "accuracy": 0.9858}
{"loss": 3.249757269746624, "accuracy": 0.9871}
{"loss": 3.3393468772119377, "accuracy": 0.9867}
{"loss": 3.10485796793364, "accuracy": 0.9869}
{"loss": 3.6056458862149157, "accuracy": 0.9855}
{"loss": 3.074652698414866, "accuracy": 0.9879}
{"loss": 3.2804980726068607, "accuracy": 0.9867}
{"loss": 3.134018624346936, "accuracy": 0.9873}
{"loss": 3.093013223275193, "accuracy": 0.988}
{"loss": 3.092383995477576, "accuracy": 0.9878}
{"loss": 3.1913767102669226, "accuracy": 0.9875}
{"loss": 3.0718616657686653, "accuracy": 0.9874}
{"loss": 3.1596542516272166, "accuracy": 0.9881}
{"loss": 3.2777610251359874, "accuracy": 0.9871}
{"loss": 3.346436759980861, "accuracy": 0.9869}
